position_mean_mm,position_rms_mm,position_max_mm,position_peak_t_s,rotation_mean_deg,rotation_rms_deg,rotation_max_deg,rotation_peak_t_s,frame_span_max_ms,run,phase,samples,start_s,end_s,duration_s,sufficient_static_baseline
0.0880389352313312,0.0880389352313299,0.0880389352313304,0,0.0009994029697874,0.000999402969787403,0.000999402969787405,0,0.87285041809082,run01,pre_static,2843,0,14.2100219726562,14.2100219726562,1
0.0880460014792727,0.088046003534473,0.08808422258565,14.3150129318237,0.00099940296978764,0.00099940296978764,0.000999402969788597,14.4800140857697,0.653982162475586,run01,motion_buffered,66,14.2150139808655,14.5400109291077,0.324996948242188,0
0.0880485174571896,0.0880485174571905,0.0880485174571902,14.5450100898743,0.000999402969787814,0.000999402969787809,0.000999402969787803,14.5450100898743,0.82087516784668,run01,post_static,3091,14.5450100898743,29.9949898719788,15.4499797821045,1
0.0880485174571904,0.08804851745719,0.0880485174571902,0,0.000999402969787807,0.000999402969787805,0.000999402969787803,0,0.653982162475586,run02,pre_static,762,0,3.80499005317688,3.80499005317688,1
0.0883455163835947,0.0884227855619825,0.142575219889315,5.17000389099121,0.00172098053880777,0.00843576068219101,0.115008734352197,5.17000389099121,0.767946243286133,run02,motion_buffered,377,3.81001591682434,5.69000291824341,1.87998700141907,0
0.0880469608835556,0.0880469608835546,0.0880469608835539,5.6951379776001,0.00099940296978742,0.000999402969787398,0.000999402969787409,5.6951379776001,1.06716156005859,run02,post_static,4861,5.6951379776001,29.9950120449066,24.2998740673065,1
0.0880469608835539,0.0880469608835541,0.0880469608835539,0,0.000999402969787407,0.000999402969787407,0.000999402969787409,0,0.717878341674805,run03,pre_static,764,0,3.81499195098877,3.81499195098877,1
0.0880656933169642,0.0880667871695066,0.0970126267826916,5.47998094558716,0.00113153352946836,0.00230685810382062,0.041016569265287,5.47998094558716,0.652790069580078,run03,motion_buffered,420,3.82001709938049,5.91500210762024,2.09498500823975,0
0.0880389352313285,0.0880389352313299,0.0880389352313304,5.92000198364258,0.000999402969787419,0.000999402969787397,0.000999402969787405,5.92000198364258,1.10101699829102,run03,post_static,4816,5.92000198364258,29.9950139522552,24.0750119686127,1
0.088038935231331,0.0880389352313306,0.0880389352313304,0,0.000999402969787401,0.000999402969787409,0.000999402969787405,0,0.689029693603516,run04,pre_static,1708,0,8.53498291969299,8.53498291969299,1
0.0924308033853473,0.0965114757176411,0.536706009231939,9.22992491722107,0.00420079732872494,0.0169715960122492,0.186902167545425,9.4299259185791,1.10101699829102,run04,motion_buffered,697,8.53995800018311,12.0199279785156,3.47996997833252,0
0.0901759635253104,0.0901759635253088,0.0901759635253096,12.0249300003052,0.00177737690695208,0.0017773769069521,0.00177737690695211,12.0249300003052,0.831842422485352,run04,post_static,3595,12.0249300003052,29.99494099617,17.9700109958649,1
0.0901759635253088,0.0901759635253098,0.0901759635253096,0,0.00177737690695212,0.00177737690695211,0.00177737690695211,0,0.842094421386719,run05,pre_static,1386,0,6.92499494552612,6.92499494552612,1
0.0904105861998996,0.095000763063497,0.783832293266381,8.38498401641846,0.00302217973785569,0.013110159190768,0.142058336456113,8.06498694419861,0.978946685791016,run05,motion_buffered,686,6.92999601364136,10.3550219535828,3.42502593994141,0
0.0880389352313295,0.0880389352313294,0.0880389352313304,10.3600189685822,0.0009994029697874,0.000999402969787399,0.000999402969787405,10.3600189685822,0.940084457397461,run05,post_static,3928,10.3600189685822,29.994992017746,19.6349730491638,1
