pose,sample_count,duration_s,q1_mean_deg,q1_range_deg,q2_mean_deg,q2_range_deg,q3_mean_deg,q3_range_deg,q4_mean_deg,q4_range_deg,q5_mean_deg,q5_range_deg,q6_mean_deg,q6_range_deg,feedback_x_mean_mm,poe_x_mean_mm,delta_x_mean_mm,feedback_y_mean_mm,poe_y_mean_mm,delta_y_mean_mm,feedback_z_mean_mm,poe_z_mean_mm,delta_z_mean_mm,position_mean_mm,position_rms_mm,position_max_mm,rotation_mean_deg,rotation_rms_deg,rotation_max_deg,frame_span_max_ms,span_over_window_count,position_recheck_max_mm
pose01,999,4.99007201194763,1.983,0,0,0,0,0,-1.41,0,22.153,0,-2.60299999999999,0,52.4220000000001,52.3971392075455,-0.024860792454561,0.969999999999999,0.967303242243247,-0.00269675775675149,178.507,178.423022356045,-0.0839776439549098,0.0876217791875256,0.0876217791875258,0.087621779187526,0.00161917085944853,0.00161917085944854,0.00161917085944854,0.967025756835938,0,4.17721413015215e-15
pose02,1000,4.99503183364868,1.983,0,1.99400000000001,0,0,0,-1.41,0,22.153,0,-2.60299999999999,0,54.3209999999999,54.2927095816922,-0.0282904183077477,1.035,1.03293505538783,-0.00206494461216455,176.649,176.566239472503,-0.0827605274972711,0.0874866657037359,0.087486665703736,0.0874866657037358,0.00172336193183058,0.00172336193183057,0.00172336193183057,1.27196311950684,0,5.19029264012261e-15
pose03,1000,4.99503302574158,1.983,0,1.99400000000001,0,-1.97699999999999,0,-1.41,0,22.153,0,-2.60299999999999,0,53.9400000000001,53.9147540194645,-0.0252459805356366,1.022,1.01984850758856,-0.00215149241143231,188.212,188.126602697266,-0.0853973027334405,0.0890768643760597,0.0890768643760596,0.0890768643760595,0.00144766832265492,0.00144766832265492,0.00144766832265493,0.734090805053711,0,5.5649929109336e-15
pose04,999,4.99004483222961,1.983,0,1.99400000000001,0,-1.97699999999999,0,0.594999999999999,0,22.153,0,-2.60299999999999,0,53.8989999999999,53.8738502314668,-0.0251497685330975,2.22199999999999,2.22271466374896,0.000714663748969446,188.204,188.118074868245,-0.0859251317544647,0.0895329540931609,0.0895329540931604,0.0895329540931607,0.0013921150418087,0.0013921150418087,0.00139211504180871,0.702857971191406,0,7.53563877964325e-15
pose05,1000,4.99498796463013,1.983,0,1.99400000000001,0,-1.97699999999999,0,0.594999999999999,0,20.141,0,-2.60299999999999,0,54.7900000000003,54.7669351049918,-0.0230648950085097,2.22199999999999,2.22268155377754,0.000681553777545751,191.273000000001,191.186128343421,-0.0868716565791203,0.0898840286919587,0.0898840286919591,0.089884028691959,0.000870870881770735,0.000870870881770735,0.000870870881770734,0.865936279296875,0,1.1143863609675e-14
pose06,1000,4.9950258731842,1.983,0,1.99400000000001,0,-1.97699999999999,0,0.594999999999999,0,20.141,0,-0.626000000000002,0,54.7900000000003,54.7669351049918,-0.0230648950085097,2.22199999999999,2.22268155377754,0.000681553777545307,191.273000000001,191.186128343421,-0.0868716565791203,0.0898840286920052,0.0898840286920054,0.0898840286920056,0.000367136566266486,0.000367136566266486,0.000367136566266487,0.768899917602539,0,1.52100554373646e-14
pose07,1000,4.99500513076782,4.92200000000002,0,1.99400000000001,0,-1.97699999999999,0,0.594999999999999,0,20.141,0,-0.626000000000002,0,54.6029999999997,54.580936552169,-0.022063447830746,5.029,5.02780858546157,-0.00119141453842531,191.273000000001,191.186128343421,-0.0868716565791203,0.0896376032445759,0.0896376032445762,0.0896376032445762,0.00123539719039998,0.00123539719039999,0.00123539719039998,0.652074813842773,0,1.4807599590938e-14
pose08,1000,4.99505209922791,4.92200000000002,0,4.95700000000001,0,-1.97699999999999,0,0.594999999999999,0,20.141,0,-0.626000000000002,0,58.0470000000001,58.0195470206476,-0.0274529793524891,5.32600000000002,5.32393182280014,-0.0020681771998774,188.346,188.26173079236,-0.084269207639835,0.088652370461426,0.088652370461426,0.0886523704614262,0.00260060545812457,0.00260060545812458,0.00260060545812458,0.769853591918945,0,2.1094237467878e-14
pose09,1000,4.99507689476013,4.92200000000002,0,4.95700000000001,0,-4.96499999999999,0,0.594999999999999,0,20.141,0,-0.626000000000002,0,57.4619999999999,57.438401893767,-0.023598106232896,5.27500000000001,5.273884823157,-0.0011151768430091,205.873,205.787563185098,-0.0854368149016693,0.0886428991961417,0.0886428991961421,0.0886428991961418,0.00163075236397386,0.00163075236397386,0.00163075236397386,0.824928283691406,0,3.44169137633799e-15
pose10,999,4.99005389213562,4.92200000000002,0,4.95700000000001,0,-4.96499999999999,0,1.608,0,19.21,0,0.314999999999999,0,57.7900000000004,57.7676311396295,-0.0223688603708965,5.82099999999999,5.82044071431392,-0.000559285686070332,207.313,207.227748450789,-0.0852515492112218,0.0881391250098648,0.0881391250098647,0.088139125009865,0.00237270685538186,0.00237270685538186,0.00237270685538186,0.896930694580078,0,1.49463774690162e-14
